,Accuracy,Precision,Recall,F1-Score,AUC
Logistic Regression,0.85,0.88,0.7857142857142857,0.8301886792452831,0.9475446428571429
Decision Tree,0.7333333333333333,0.7307692307692307,0.6785714285714286,0.7037037037037037,0.7299107142857143
Random Forest,0.8166666666666667,0.8695652173913043,0.7142857142857143,0.7843137254901961,0.9358258928571428
SVM,0.8333333333333334,0.875,0.75,0.8076923076923077,0.9441964285714286
